Title,Year,Metacritic,"Sequel, remake, or otherwise based on well-established IP (NOT THE SAME AS ADAPTED)",Subjective Field: Acclaimed Filmmaker,Majority Black Cast / Queer Themes (test to see if this field accurately captures snubs such as If Beale Street Could Talk or Carol),Foreign Language,SpiritNom,Spirit,AstraNom,Astra,AstraCnt,AstraDirNom,AstraDirWin,SAGNom,SAG,DGANom,DGA,WGANom,WGA,PGANom,PGA,CCNom,CCTotalNom,CC,NBRNom,NBR,AFI,GGDirectorNom,GGDirector,GGDramaNom,GGDrama,GGComedyNom,GGComedy,BAFTANom,BAFTA,BAFTACnt,LAFCA,NYFCC,NSFC,Palme dOr,TIFF,Golden Lion,Best Picture Nominee,OscarNoms,DirectingNom,ActingNom,ScreenplayNom,EditingNom,Win
Anora,2024,90,0,1,0,0,1,0,1,0,6,1,0,1,0,1,1,1,0,1,1,1,7,1,1,0,1,1,0,0,0,1,0,1,0,7,1,0,0,1,0,0,1,6,1,1,1,1,0
Emilia Perez,2024,69,0,0,1,1,0,0,1,0,7,1,0,1,0,1,0,0,0,1,0,1,10,0,0,0,1,1,0,0,0,1,1,1,0,11,0,0,0,0,0,0,1,13,1,1,1,1,0
Conclave,2024,81,0,1,0,0,0,0,1,0,4,0,0,1,0,1,0,0,0,1,0,1,11,0,1,0,1,1,0,1,0,0,0,1,0,12,0,0,0,0,0,0,1,8,0,1,1,1,0
The Brutalist,2024,88,0,0,0,0,0,0,1,0,5,1,0,0,0,1,1,0,0,1,0,1,9,0,0,0,1,1,1,1,1,0,0,1,0,9,0,1,0,0,0,0,1,10,1,1,1,1,0
Sing Sing,2024,84,0,0,1,0,1,0,1,0,4,0,0,0,0,0,0,0,0,0,0,1,5,0,1,0,1,0,0,0,0,0,0,0,0,3,0,0,0,0,0,0,0,3,0,1,1,0,0
Blitz,2024,71,0,1,0,0,0,0,0,0,0,0,0,0,0,0,0,0,0,0,0,0,0,0,0,0,0,0,0,0,0,0,0,0,0,3,0,0,0,0,0,0,0,0,0,0,0,0,0
Dune: Part Two,2024,79,1,1,0,0,0,0,1,0,4,1,0,0,0,0,0,1,0,1,0,1,10,0,0,0,1,0,0,1,0,0,0,0,0,7,0,0,0,0,0,0,1,5,0,0,0,0,0
Gladiator II,2024,64,1,1,0,0,0,0,0,0,2,0,0,0,0,0,0,0,0,0,0,0,4,0,1,0,0,0,0,0,0,0,0,0,0,3,0,0,0,0,0,0,0,1,0,0,0,0,0
5-Sep,2024,79,0,0,0,0,0,0,0,0,0,0,0,0,0,0,0,0,0,1,0,0,2,0,0,0,0,0,0,1,0,0,0,0,0,0,0,0,0,0,0,0,0,1,0,0,1,0,0
Nickel Boys,2024,89,0,0,1,0,1,0,0,0,2,0,0,0,0,0,0,1,0,0,0,1,5,0,0,0,1,0,0,1,0,0,0,0,0,1,0,0,1,0,0,0,1,2,0,0,1,0,0
The Piano Lesson,2024,68,0,0,1,0,0,0,0,0,2,0,0,0,0,0,0,0,0,0,0,0,0,0,0,0,0,0,0,0,0,0,0,0,0,0,0,0,0,0,0,0,0,0,0,0,0,0,0
A Complete Unknown,2024,71,0,1,0,0,0,0,0,0,0,0,0,1,0,1,0,1,0,1,0,1,3,0,1,0,1,0,0,1,0,0,0,1,0,6,0,0,0,0,0,0,1,8,1,1,1,0,0
Juror No. 2,2024,73,0,0,0,0,0,0,0,0,0,0,0,0,0,0,0,0,0,0,0,0,0,0,1,0,0,0,0,0,0,0,0,0,0,0,0,0,0,0,0,0,0,0,0,0,0,0,0
Queer,2024,74,0,0,1,0,0,0,0,0,0,0,0,0,0,0,0,0,0,0,0,0,0,0,1,0,0,0,0,0,0,0,0,0,0,0,0,0,0,0,0,0,0,0,0,0,0,0,0
A Real Pain,2024,83,0,0,0,0,0,0,1,0,5,0,0,0,0,0,0,1,0,1,0,0,3,0,1,0,1,0,0,0,0,1,0,0,0,2,0,0,0,0,0,0,0,2,0,1,1,0,0
The Room Next Door,2024,70,0,1,0,1,0,0,0,0,0,0,0,0,0,0,0,0,0,0,0,0,0,0,0,0,0,0,0,0,0,0,0,0,0,0,0,0,0,0,0,1,0,0,0,0,0,0,0
Saturday Night,2024,62,0,0,0,0,0,0,0,0,3,0,0,0,0,0,0,0,0,0,0,0,0,0,0,0,0,0,0,0,0,0,0,0,0,0,0,0,0,0,0,0,0,0,0,0,0,0,0
Furiosa: A Mad Max Saga,2024,79,1,1,0,0,0,0,0,0,0,0,0,0,0,0,0,0,0,0,0,0,0,0,1,0,0,0,0,0,0,0,0,0,0,0,0,0,0,0,0,0,0,0,0,0,0,0,0
Nosferatu,2024,83,1,0,0,0,0,0,0,0,2,0,0,0,0,0,0,0,0,0,0,0,4,0,0,0,0,0,0,0,0,0,0,0,0,5,0,0,0,0,0,0,0,4,0,0,0,0,0
Wicked,2024,73,1,0,0,0,0,0,1,1,8,1,1,1,0,0,0,1,0,1,0,1,11,0,1,1,1,0,0,0,0,1,0,0,0,7,0,0,0,0,0,0,1,10,0,1,0,1,0
Hard Truths,2024,87,0,1,1,0,0,0,0,0,0,0,0,0,0,0,0,0,0,0,0,0,0,0,0,0,0,0,0,0,0,0,0,0,0,2,0,0,0,0,0,0,0,0,0,0,0,0,0
Challengers,2024,82,0,1,1,0,0,0,1,0,3,0,0,0,0,0,0,1,0,0,0,0,4,0,0,0,0,0,0,0,0,1,0,0,0,0,0,0,0,0,0,0,0,0,0,0,0,0,0
Nightbitch,2024,62,0,0,0,0,0,0,0,0,0,0,0,0,0,0,0,0,0,0,0,0,0,0,0,0,0,0,0,0,0,0,0,0,0,0,0,0,0,0,0,0,0,0,0,0,0,0,0
Joker: Folie a Deux,2024,45,1,0,0,0,0,0,0,0,0,0,0,0,0,0,0,0,0,0,0,0,0,0,0,0,0,0,0,0,0,0,0,0,0,0,0,0,0,0,0,0,0,0,0,0,0,0,0
Babygirl,2024,82,0,0,0,0,0,0,0,0,0,0,0,0,0,0,0,0,0,0,0,0,0,0,1,0,0,0,0,0,0,0,0,0,0,0,0,0,0,0,0,0,0,0,0,0,0,0,0
The Seed of the Sacred Fig,2024,85,0,1,0,1,0,0,0,0,0,0,0,0,0,0,0,0,0,0,0,0,0,0,1,0,0,0,0,0,0,0,0,0,0,1,0,0,0,0,0,0,0,1,0,0,0,0,0
All We Imagine As Light,2024,94,0,0,0,1,0,0,0,0,0,0,0,0,0,0,0,0,0,0,0,0,0,0,0,0,0,1,0,0,0,0,0,0,0,1,0,0,0,0,0,0,0,0,0,0,0,0,0
The Substance,2024,78,0,0,0,0,1,0,1,0,8,1,0,0,0,0,0,0,0,1,0,1,7,0,0,0,0,1,0,0,0,1,0,0,0,5,0,0,0,0,0,0,1,5,1,1,1,0,0
I Saw the TV Glow,2024,86,0,0,1,0,1,0,0,0,0,0,0,0,0,0,0,0,0,0,0,0,0,0,0,0,0,0,0,0,0,0,0,0,0,0,0,0,0,0,0,0,0,0,0,0,0,0,0
I'm Still Here,2024,84,0,0,0,1,0,0,0,0,1,0,0,0,0,0,0,0,0,0,0,0,1,0,0,0,0,0,0,0,0,0,0,0,0,1,0,0,0,0,0,0,1,3,0,1,0,0,0
American Fiction,2023,81,0,0,1,0,1,0,1,0,5,1,0,1,0,0,0,1,0,1,0,1,5,0,0,0,1,0,0,0,0,1,0,0,0,1,0,0,0,0,1,0,1,5,0,1,1,0,0
Barbie,2023,80,1,1,0,0,0,0,1,1,10,1,0,1,0,1,0,1,0,1,0,1,18,0,1,0,1,1,0,0,0,1,0,0,0,5,0,0,0,0,0,0,1,8,0,1,1,0,0
The Color Purple,2023,72,1,0,1,0,0,0,1,0,5,0,0,1,0,0,0,0,0,0,0,1,5,0,0,0,0,0,0,0,0,0,0,0,0,2,0,0,0,0,0,0,0,0,0,0,0,0,0
Killers of the Flower Moon,2023,89,0,1,0,0,0,0,1,0,5,1,0,1,0,1,0,1,0,1,0,1,12,0,1,1,1,1,0,1,0,0,0,1,0,9,0,1,0,0,0,0,1,10,1,1,0,1,0
Oppenheimer,2023,90,0,1,0,0,0,0,1,0,6,1,1,1,1,1,1,1,0,1,1,1,13,1,1,0,1,1,1,1,1,0,0,1,1,13,0,0,0,0,0,0,1,13,1,1,1,1,1
Poor Things,2023,88,0,1,0,0,0,0,0,0,3,1,0,0,0,1,0,0,0,1,0,1,13,0,1,0,1,1,0,0,0,1,1,1,0,11,0,0,0,0,0,1,1,11,1,1,1,1,0
The Holdovers,2023,82,0,1,0,0,0,0,1,0,7,1,0,0,0,1,0,1,0,1,0,1,8,0,1,0,1,0,0,0,0,1,0,1,0,7,0,0,0,0,0,0,1,5,0,1,1,1,0
Maestro,2023,77,0,1,0,0,0,0,1,0,4,1,0,0,0,0,0,0,0,1,0,1,8,0,1,0,1,1,0,1,0,0,0,0,0,7,0,0,0,0,0,0,1,7,0,1,1,0,0
Past Lives,2023,94,0,0,0,1,1,1,1,0,5,1,0,0,0,0,0,1,0,1,0,1,3,0,1,0,1,1,0,1,0,0,0,0,0,3,0,0,1,0,0,0,1,2,0,0,0,0,0
Saltburn,2023,61,0,0,0,0,0,0,0,0,3,1,0,0,0,0,0,0,0,0,0,1,3,0,0,0,0,0,0,0,0,0,0,0,0,5,0,0,0,0,0,0,0,0,0,0,0,0,0
Spiderman: Across the Spider-verse,2023,86,1,0,1,0,0,0,1,0,6,0,0,0,0,0,0,0,0,0,0,0,3,0,0,0,1,0,0,0,0,0,0,0,0,2,0,0,0,0,0,0,0,1,0,0,0,0,0
The Boy and the Heron,2023,91,0,1,0,1,0,0,0,0,2,0,0,0,0,0,0,0,0,0,0,0,0,0,1,0,0,0,0,0,0,0,0,0,0,1,0,0,0,0,0,0,0,0,0,0,0,0,0
Ferrari,2023,73,0,1,0,0,0,0,0,0,0,0,0,0,0,0,0,0,0,0,0,0,0,0,1,0,0,0,0,0,0,0,0,0,0,1,0,0,0,0,0,0,0,0,0,0,0,0,0
The Iron Claw,2023,73,0,0,0,0,0,0,0,0,0,0,0,0,0,0,0,0,0,0,0,0,0,0,1,0,0,0,0,0,0,0,0,0,0,0,0,0,0,0,0,0,0,0,0,0,0,0,0
Anatomy of a Fall,2023,86,0,0,0,1,0,0,0,0,4,0,0,0,0,0,0,0,0,1,0,0,3,0,0,0,0,0,0,1,0,0,0,1,0,7,0,0,0,1,0,0,1,5,1,1,1,1,0
The Zone of Interest,2023,92,0,0,0,1,0,0,0,0,3,0,0,0,0,0,0,0,0,1,0,0,0,0,0,0,0,0,0,1,0,0,0,0,0,9,1,0,0,0,0,0,1,5,1,0,1,0,0
Air,2023,73,0,0,0,0,0,0,1,0,5,1,0,0,0,0,0,1,0,0,0,0,3,0,0,0,0,0,0,0,0,1,0,0,0,0,0,0,0,0,0,0,0,0,0,0,0,0,0
May December,2023,86,0,1,0,0,1,0,0,0,2,0,0,0,0,0,0,1,0,0,0,0,3,0,0,0,1,0,0,0,0,1,0,0,0,0,0,0,0,0,0,0,0,0,0,0,0,0,0
All of Us Strangers,2023,90,0,0,1,0,1,0,0,0,0,0,0,0,0,0,0,0,0,0,0,0,0,0,0,0,0,0,0,0,0,0,0,0,0,6,0,0,0,0,0,0,0,0,0,0,0,0,0
Napoleon,2023,64,0,1,0,0,0,0,0,0,0,0,0,0,0,0,0,0,0,0,0,0,0,0,0,0,0,0,0,0,0,0,0,0,0,4,0,0,0,0,0,0,0,0,0,0,0,0,0
Everything Everywhere All at Once,2022,81,0,0,0,0,1,1,1,1,10,1,1,1,1,1,1,1,1,1,1,1,14,1,1,0,1,1,0,0,0,1,0,1,0,10,1,0,0,0,0,0,1,11,1,1,1,1,1
Babylon,2022,61,0,1,0,0,0,0,0,0,0,0,0,1,0,0,0,0,0,0,0,1,9,0,0,0,0,0,0,0,0,1,0,0,0,3,0,0,0,0,0,0,0,0,0,0,0,0,0
The Whale,2022,60,0,1,1,0,0,0,0,0,3,0,0,0,0,0,0,0,0,1,0,0,4,0,0,0,0,0,0,0,0,0,0,0,0,4,0,0,0,0,0,0,0,3,0,1,0,0,0
The Banshees of Inisherin,2022,87,0,1,0,0,0,0,1,0,7,1,0,1,0,1,0,0,0,1,0,1,9,0,1,0,1,1,0,0,0,1,1,1,0,10,0,0,0,0,0,0,1,9,1,1,1,1,0
The Fabelmans,2022,85,0,1,0,0,0,0,1,0,4,1,0,1,0,1,0,1,0,1,0,1,11,0,1,0,1,1,1,1,1,0,0,0,0,1,0,0,0,0,1,0,1,7,1,1,1,0,0
Women Talking,2022,77,0,0,0,0,1,0,1,0,5,1,0,1,0,0,0,1,1,0,0,1,6,0,1,0,1,0,0,0,0,0,0,0,0,0,0,0,0,0,0,0,1,2,0,0,1,0,0
Tar,2022,93,0,1,0,0,1,0,1,0,5,1,0,0,0,1,0,1,0,1,0,1,7,0,0,0,1,0,0,1,0,0,0,1,0,5,1,1,1,0,0,0,1,6,1,1,1,1,0
Top Gun: Maverick,2022,78,1,0,0,0,0,0,1,0,5,0,0,0,0,1,0,1,0,1,0,1,6,0,1,1,1,0,0,1,0,0,0,0,0,4,0,0,0,0,0,0,1,6,0,0,0,1,0
The Menu,2022,71,0,0,0,0,0,0,0,0,2,0,0,0,0,0,0,1,0,0,0,0,0,0,0,0,0,0,0,0,0,0,0,0,0,0,0,0,0,0,0,0,0,0,0,0,0,0,0
She Said,2022,74,0,0,0,0,0,0,0,0,0,0,0,0,0,0,0,1,0,0,0,0,0,0,0,0,1,0,0,0,0,0,0,0,0,2,0,0,0,0,0,0,0,0,0,0,0,0,0
Black Panther: Wakanda Forever,2022,67,1,0,1,0,0,0,0,0,3,0,0,0,0,0,0,1,0,1,0,0,6,0,0,0,0,0,0,0,0,0,0,0,0,1,0,0,0,0,0,0,0,0,0,0,0,0,0
The Batman,2022,72,1,0,0,0,0,0,0,0,2,0,0,0,0,0,0,0,0,0,0,0,3,0,0,0,0,0,0,0,0,0,0,0,0,4,0,0,0,0,0,0,0,0,0,0,0,0,0
Nope,2022,77,0,1,1,0,0,0,0,0,2,0,0,0,0,0,0,1,0,0,0,0,0,0,0,0,1,0,0,0,0,0,0,0,0,0,0,0,0,0,0,0,0,0,0,0,0,0,0
Avatar: The Way of Water,2022,67,1,1,0,0,0,0,1,0,3,1,0,0,0,0,0,0,0,1,0,1,6,0,1,0,1,1,0,1,0,0,0,0,0,2,0,0,0,0,0,0,1,4,0,0,0,0,0
Elvis,2022,64,0,1,0,0,0,0,1,0,4,1,0,0,0,0,0,0,0,1,0,1,7,0,0,0,1,1,0,1,0,0,0,1,0,9,0,0,0,0,0,0,1,8,0,1,0,1,0
Glass Onion,2022,81,1,0,0,0,0,0,0,0,3,0,0,0,0,0,0,1,0,1,0,1,6,0,1,0,0,0,0,0,0,1,0,0,0,0,0,0,0,0,0,0,0,0,0,0,0,0,0
RRR,2022,83,0,0,0,1,0,0,1,0,6,1,0,0,0,0,0,0,0,0,0,1,5,0,1,0,0,0,0,0,0,0,0,0,0,0,0,0,0,0,0,0,0,0,0,0,0,0,0
Aftersun,2022,95,0,0,1,0,0,0,0,0,3,0,0,0,0,0,0,0,0,0,0,0,0,0,1,0,0,0,0,0,0,0,0,0,0,4,0,0,0,0,0,0,0,0,0,0,0,0,0
Till,2022,77,0,0,0,0,0,0,0,0,0,0,0,0,0,0,0,0,0,0,0,0,0,0,1,0,0,0,0,0,0,0,0,0,0,1,0,0,0,0,0,0,0,0,0,0,0,0,0
The Woman King,2022,76,0,0,1,0,0,0,1,0,6,1,0,0,0,0,0,0,0,0,0,0,4,0,1,0,1,0,0,0,0,0,0,0,0,3,0,0,0,0,0,0,0,0,0,0,0,0,0
Triangle of Sadness,2022,63,0,1,0,0,0,0,0,0,0,0,0,0,0,0,0,0,0,0,0,0,0,0,0,0,0,0,0,0,0,1,0,0,0,3,0,0,0,1,0,0,1,3,1,0,1,0,0
All Quiet on the Western Front,2022,76,0,0,0,0,0,0,0,0,0,0,0,0,0,0,0,0,0,0,0,0,0,0,0,0,0,0,0,0,0,0,0,1,1,14,0,0,0,0,0,0,1,0,0,0,0,0,0
All the Beauty and the Bloodshed,2022,91,0,0,0,0,0,0,0,0,0,0,0,0,0,0,0,0,0,0,0,0,0,0,0,0,0,0,0,0,0,0,0,0,0,1,0,0,0,0,0,1,0,0,0,0,0,0,0
Bones and All,2022,74,0,1,0,0,1,0,0,0,0,0,0,0,0,0,0,0,0,0,0,0,0,0,0,0,0,0,0,0,0,0,0,0,0,0,0,0,0,0,0,0,0,0,0,0,0,0,0
Our Father the Devil,2022,87,0,0,1,1,1,0,0,0,0,0,0,0,0,0,0,0,0,0,0,0,0,0,0,0,0,0,0,0,0,0,0,0,0,0,0,0,0,0,0,0,0,0,0,0,0,0,0
CODA,2021,72,0,0,0,0,0,0,1,1,9,1,0,1,1,0,0,1,1,1,1,1,4,0,0,0,1,0,0,1,0,0,0,0,0,3,0,0,0,0,0,0,1,3,0,1,1,0,1
Belfast,2021,75,0,1,0,0,0,0,1,0,9,1,0,1,0,1,0,0,0,1,0,1,11,0,1,0,1,1,0,1,0,0,0,1,0,6,0,0,0,0,1,0,1,7,1,1,1,0,0
Don't Look Up,2021,49,0,1,0,0,0,0,0,0,0,0,0,1,0,0,0,1,1,1,0,1,6,0,1,0,1,0,0,0,0,1,0,1,0,4,0,0,0,0,0,0,1,4,0,0,1,1,0
House of Gucci,2021,59,0,1,0,0,0,0,0,0,3,0,0,1,0,0,0,0,0,0,0,0,4,0,0,0,0,0,0,0,0,0,0,0,0,3,0,0,0,0,0,0,0,0,0,0,0,0,0
King Richard,2021,76,0,0,1,0,0,0,1,0,8,1,0,1,0,0,0,1,0,1,0,1,6,0,1,0,1,0,0,1,0,0,0,0,0,4,0,0,0,0,0,0,1,6,0,1,1,1,0
The Power of the Dog,2021,89,0,1,1,0,0,0,1,0,6,1,1,0,0,1,1,0,0,1,0,1,10,1,0,0,1,1,1,1,1,0,0,1,1,8,0,0,0,0,0,0,1,12,1,1,1,1,0
Licorice Pizza,2021,90,0,1,0,0,0,0,1,0,0,0,0,0,0,1,0,1,0,1,0,1,8,0,1,1,1,0,0,0,0,1,0,1,0,5,0,0,0,0,0,0,1,3,1,0,1,0,0
No Time to Die,2021,68,1,0,0,0,0,0,0,0,3,0,0,0,0,0,0,0,0,0,0,0,2,0,0,0,0,0,0,0,0,0,0,0,0,5,0,0,0,0,0,0,0,0,0,0,0,0,0
West Side Story,2021,85,1,1,0,0,0,0,0,0,4,1,0,0,0,1,0,1,0,1,0,1,11,0,1,0,1,1,0,0,0,1,1,0,0,5,0,0,0,0,0,0,1,7,1,1,0,0,0
Dune,2021,74,0,1,0,0,0,0,1,0,10,1,1,0,0,1,0,1,0,1,0,1,10,0,1,0,1,1,0,1,0,0,0,1,0,11,0,0,0,0,0,0,1,10,0,0,1,1,0
Being the Ricardos,2021,60,0,1,0,0,0,0,1,0,4,0,0,0,0,0,0,1,0,1,0,0,3,0,0,0,0,0,0,0,0,0,0,0,0,2,0,0,0,0,0,0,0,0,0,0,0,0,0
The French Dispatch,2021,75,0,1,0,0,0,0,0,0,2,0,0,0,0,0,0,1,0,0,0,0,0,0,0,0,0,0,0,0,0,0,0,0,0,3,0,0,0,0,0,0,0,0,0,0,0,0,0
Spencer,2021,76,0,0,0,0,0,0,1,0,8,1,0,0,0,0,0,0,0,0,0,0,2,0,0,0,0,0,0,0,0,0,0,0,0,0,0,0,0,0,0,0,0,1,0,1,0,0,0
Last Night in Soho,2021,65,0,0,0,0,0,0,1,0,7,0,0,0,0,0,0,0,0,0,0,0,0,0,0,0,0,0,0,0,0,0,0,0,0,2,0,0,0,0,0,0,0,0,0,0,0,0,0
Nightmare Alley,2021,70,1,1,0,0,0,0,0,0,2,1,0,0,0,0,0,1,0,0,0,1,8,0,1,0,1,0,0,0,0,0,0,0,0,3,0,0,0,0,0,0,1,4,0,0,0,0,0
tick tick BOOM,2021,74,0,0,1,0,0,0,1,0,8,1,0,0,0,0,0,1,0,1,0,1,2,0,0,0,1,0,0,0,0,1,0,0,0,0,0,0,0,0,0,0,0,0,0,0,0,0,0
The Last Duel,2021,67,0,1,0,0,0,0,0,0,0,0,0,0,0,0,0,0,0,0,0,0,0,0,1,0,0,0,0,0,0,0,0,0,0,0,0,0,0,0,0,0,0,0,0,0,0,0,0
Red Rocket,2021,76,0,0,0,0,0,0,0,0,0,0,0,0,0,0,0,0,0,0,0,0,0,0,1,0,0,0,0,0,0,0,0,0,0,0,0,0,0,0,0,0,0,0,0,0,0,0,0
The Tragedy of Macbeth,2021,87,1,1,0,0,0,0,0,0,0,0,0,0,0,0,0,0,0,0,0,0,2,0,1,0,1,0,0,0,0,0,0,0,0,1,0,0,0,0,0,0,0,0,0,0,0,0,0
Cyrano,2021,66,1,0,0,0,0,0,0,0,3,0,0,0,0,0,0,0,0,0,0,0,0,0,0,0,0,0,0,0,0,1,0,0,0,4,0,0,0,0,0,0,0,0,0,0,0,0,0
Titane,2021,75,0,0,0,1,0,0,0,0,0,0,0,0,0,0,0,0,0,0,0,0,0,0,0,0,0,0,0,0,0,0,0,0,0,1,0,0,0,1,0,0,0,0,0,0,0,0,0
Happening,2021,86,0,0,0,0,0,0,0,0,0,0,0,0,0,0,0,0,0,0,0,0,0,0,0,0,0,0,0,0,0,0,0,0,0,1,0,0,0,0,0,1,0,0,0,0,0,0,0
Drive My Car,2021,91,0,0,0,1,0,0,0,0,0,0,0,0,0,0,0,0,0,0,0,0,0,0,0,0,0,0,0,0,0,0,0,0,0,3,1,1,1,0,0,0,1,4,1,0,1,0,0
The Lost Daughter,2021,86,0,0,0,0,1,1,0,0,2,0,0,0,0,0,0,0,0,0,0,0,2,0,0,0,0,1,0,0,0,0,0,0,0,2,0,0,0,0,0,0,0,3,0,1,1,0,0
Cmon Cmon,2021,82,0,0,0,0,1,0,0,0,0,0,0,0,0,0,0,0,0,0,0,0,0,0,0,0,0,0,0,0,0,0,0,0,0,1,0,0,0,0,0,0,0,0,0,0,0,0,0
A Chiara,2021,75,0,0,0,0,1,0,0,0,0,0,0,0,0,0,0,0,0,0,0,0,0,0,0,0,0,0,0,0,0,0,0,0,0,0,0,0,0,0,0,0,0,0,0,0,0,0,0
The Novice,2021,87,0,0,0,0,1,0,0,0,0,0,0,0,0,0,0,0,0,0,0,0,0,0,0,0,0,0,0,0,0,0,0,0,0,0,0,0,0,0,0,0,0,0,0,0,0,0,0
Zola,2021,76,0,0,0,0,1,0,0,0,0,0,0,0,0,0,0,0,0,0,0,0,0,0,0,0,0,0,0,0,0,0,0,0,0,0,0,0,0,0,0,0,0,0,0,0,0,0,0
The Trial of the Chicago Seven,2020,76,0,1,0,0,0,0,1,0,4,0,0,1,1,1,0,1,0,1,0,1,6,0,0,0,1,1,0,1,0,0,0,1,0,3,0,0,0,0,0,0,1,6,0,1,1,1,0
Da 5 Bloods,2020,82,0,1,1,0,0,0,1,0,5,1,0,1,0,0,0,0,0,0,0,1,6,0,1,1,1,0,0,0,0,0,0,0,0,1,0,0,0,0,0,0,0,0,0,0,0,0,0
Ma Rainey's Black Bottom,2020,87,0,0,1,0,1,0,0,0,7,0,0,1,0,0,0,1,0,1,0,1,8,0,0,0,1,0,0,0,0,0,0,0,0,3,0,0,0,0,0,0,0,0,0,0,0,0,0
Minari,2020,89,0,0,0,1,1,0,1,0,6,1,0,1,0,1,0,0,0,1,0,1,10,0,1,0,1,0,0,0,0,0,0,0,0,6,0,0,0,0,0,0,1,6,1,1,1,0,0
One Night in Miami…,2020,83,0,0,1,0,0,0,1,0,8,1,0,1,0,0,0,1,0,1,0,1,6,0,0,0,1,1,0,0,0,0,0,0,0,1,0,0,0,0,0,0,0,0,0,0,0,0,0
Nomadland,2020,87,0,0,0,0,1,1,1,0,6,1,1,0,0,1,1,0,0,1,1,1,6,1,1,0,1,1,1,1,1,0,0,1,1,7,0,0,1,0,1,1,1,6,1,1,1,1,1
Promising Young Woman,2020,72,0,0,0,0,0,0,1,1,9,1,0,0,0,1,0,1,1,1,0,1,6,0,1,0,0,1,0,1,0,0,0,1,0,6,0,0,0,0,0,0,1,5,1,1,1,1,0
Mank,2020,79,0,1,0,0,0,0,0,0,7,1,0,0,0,1,0,0,0,1,0,1,12,0,0,0,1,1,0,1,0,0,0,0,0,6,0,0,0,0,0,0,1,10,1,1,0,0,0
Judas and the Black Messiah,2020,84,0,0,1,0,0,0,1,0,3,1,0,0,0,0,0,1,0,1,0,0,3,0,0,0,1,0,0,0,0,0,0,0,0,4,0,0,0,0,0,0,1,6,0,1,1,0,0
Palm Springs,2020,83,0,0,0,0,0,0,0,0,3,0,0,0,0,0,0,1,0,0,0,0,0,0,0,0,0,0,0,0,0,1,0,0,0,0,0,0,0,0,0,0,0,0,0,0,0,0,0
Sound of Metal,2020,82,0,0,0,0,0,0,1,0,6,1,1,0,0,0,0,1,0,1,0,1,5,0,1,0,1,0,0,0,0,0,0,0,0,4,0,0,0,0,0,0,1,6,0,1,1,1,0
Borat Subsequent Moviefilm,2020,68,1,0,0,0,0,0,0,0,0,0,0,0,0,0,0,1,1,1,0,0,0,0,0,0,0,0,0,0,0,1,1,0,0,1,0,0,0,0,0,0,0,0,0,0,0,0,0
News of the World,2020,73,0,0,0,0,0,0,0,0,2,0,0,0,0,0,0,1,0,0,0,1,7,0,1,0,0,0,0,0,0,0,0,0,0,4,0,0,0,0,0,0,0,0,0,0,0,0,0
The White Tiger,2020,76,0,0,0,1,0,0,0,0,0,0,0,0,0,0,0,1,0,0,0,0,0,0,0,0,0,0,0,0,0,0,0,0,0,2,0,0,0,0,0,0,0,0,0,0,0,0,0
First Cow,2020,90,0,0,0,0,1,0,0,0,2,0,0,0,0,0,0,0,0,0,0,0,2,0,1,0,0,0,0,0,0,0,0,0,0,0,0,1,0,0,0,0,0,0,0,0,0,0,0
The Fourty Year Old Version,2020,80,0,0,0,0,0,0,0,0,0,0,0,0,0,0,0,0,0,0,0,0,0,0,1,0,0,0,0,0,0,0,0,0,0,1,0,0,0,0,0,0,0,0,0,0,0,0,0
Midnight Sky,2020,38,0,0,0,0,0,0,0,0,3,0,0,0,0,0,0,0,0,0,0,0,3,0,1,0,0,0,0,0,0,0,0,0,0,1,0,0,0,0,0,0,0,0,0,0,0,0,0
Soul,2020,83,0,0,0,0,0,0,1,0,5,0,0,0,0,0,0,0,0,0,0,0,0,0,1,0,1,0,0,0,0,0,0,0,0,3,0,0,0,0,0,0,0,0,0,0,0,0,0
The Father,2020,88,0,0,0,0,0,0,1,0,4,0,0,0,0,0,0,0,0,0,0,0,4,0,0,0,0,0,0,1,0,0,0,1,0,6,0,0,0,0,0,0,1,6,0,1,1,1,0
Hamilton,2020,88,0,0,0,0,0,0,0,0,0,0,0,0,0,0,0,0,0,0,0,0,0,0,0,0,1,0,0,0,0,1,0,0,0,0,0,0,0,0,0,0,0,0,0,0,0,0,0
Music,2020,23,0,0,0,0,0,0,0,0,0,0,0,0,0,0,0,0,0,0,0,0,0,0,0,0,0,0,0,0,0,1,0,0,0,0,0,0,0,0,0,0,0,0,0,0,0,0,0
The Prom,2020,55,0,0,0,0,0,0,0,0,4,0,0,0,0,0,0,0,0,0,0,0,0,0,0,0,0,0,0,0,0,1,0,0,0,0,0,0,0,0,0,0,0,0,0,0,0,0,0
The Mauritanian,2020,53,0,0,0,0,0,0,0,0,0,0,0,0,0,0,0,0,0,0,0,0,0,0,0,0,0,0,0,0,0,0,0,1,0,5,0,0,0,0,0,0,0,0,0,0,0,0,0
Rocks,2020,95,0,0,0,0,0,0,0,0,0,0,0,0,0,0,0,0,0,0,0,0,0,0,0,0,0,0,0,0,0,0,0,0,0,7,0,0,0,0,0,0,0,0,0,0,0,0,0
The Dig,2020,73,0,0,0,0,0,0,0,0,0,0,0,0,0,0,0,0,0,0,0,0,0,0,0,0,0,0,0,0,0,0,0,0,0,5,0,0,0,0,0,0,0,0,0,0,0,0,0
Another Round,2020,79,0,0,0,0,0,0,0,0,0,0,0,0,0,0,0,0,0,0,0,0,0,0,0,0,0,0,0,0,0,0,0,0,0,4,0,0,0,0,0,0,0,0,1,0,0,0,0
Parasite,2019,97,0,0,0,1,0,0,1,0,5,1,0,1,1,1,0,1,1,1,0,1,7,0,0,0,1,1,0,0,0,0,0,1,0,4,1,0,1,1,0,0,1,6,1,0,1,1,1
Bombshell,2019,64,0,0,0,0,0,0,0,0,2,0,0,1,0,0,0,0,0,0,0,0,4,0,0,0,0,0,0,0,0,0,0,0,0,3,0,0,0,0,0,0,0,0,0,0,0,0,0
The Irishman,2019,94,0,1,0,0,0,0,1,0,9,1,0,1,0,1,0,1,0,1,0,1,14,0,1,1,1,1,0,1,0,0,0,1,0,10,0,1,0,0,0,0,1,10,1,1,1,1,0
Jojo Rabbit,2019,58,0,0,0,0,0,0,1,0,5,1,0,1,0,1,0,1,1,1,0,1,7,0,1,0,1,0,0,0,0,1,0,0,0,6,0,0,0,0,1,0,1,6,0,0,1,1,0
Once Upon a Time in Hollywood,2019,84,0,1,0,0,0,0,1,0,12,1,0,1,0,1,0,0,0,1,0,1,12,1,1,0,1,1,0,0,0,1,1,1,0,10,0,0,0,0,0,0,1,10,1,1,1,0,0
1917,2019,78,0,1,0,0,0,0,1,1,7,0,0,0,0,1,1,1,0,1,1,1,8,0,0,0,1,1,1,1,1,0,0,1,1,9,0,0,0,0,0,0,1,10,0,0,1,0,0
Booksmart,2019,84,0,0,0,0,0,0,1,0,7,1,1,0,0,0,0,1,0,0,0,0,0,0,0,0,0,0,0,0,0,0,0,0,0,1,0,0,0,0,0,0,0,0,1,0,0,0,0
Knives Out,2019,82,0,0,0,0,0,0,0,0,2,0,0,0,0,0,0,1,0,1,0,0,3,0,1,0,1,0,0,0,0,1,0,0,0,1,0,0,0,0,0,0,1,0,0,0,0,0,0
Marriage Story,2019,94,0,1,0,0,1,0,1,0,6,1,1,0,0,0,0,1,0,1,0,1,8,0,1,0,1,0,0,1,0,0,0,0,0,5,0,0,0,0,0,0,1,6,0,1,1,0,0
Joker,2019,59,1,0,0,0,0,0,1,0,7,0,0,0,0,0,0,1,0,1,0,1,7,0,0,0,1,1,0,1,0,0,0,1,0,11,0,0,0,0,0,1,1,11,1,1,1,1,0
Little Women,2019,91,1,1,0,0,0,0,0,0,3,1,0,0,0,0,0,1,0,1,0,1,9,0,0,0,1,0,0,0,0,0,0,0,0,5,0,0,0,0,0,0,1,6,0,1,1,0,0
A Beautiful Day in the Neighborhood,2019,80,0,0,0,0,0,0,0,0,0,0,0,0,0,0,0,1,0,0,0,0,2,0,0,0,0,0,0,0,0,0,0,0,0,1,0,0,0,0,0,0,0,0,0,0,0,0,0
Ford v Ferrari,2019,81,0,0,0,0,0,0,0,0,0,0,0,0,0,0,0,0,0,1,0,1,5,0,1,0,0,0,0,0,0,0,0,0,0,3,0,0,0,0,0,0,1,4,0,0,0,1,0
Uncut Gems,2019,93,0,0,0,0,1,0,0,0,0,0,0,0,0,0,0,0,0,0,0,1,4,0,1,0,0,0,0,0,0,0,0,0,0,0,0,0,0,0,0,0,0,0,0,0,0,0,0
Dolemite is my Name,2019,76,0,0,1,0,0,0,0,0,3,0,0,0,0,0,0,0,0,0,0,0,4,0,1,0,0,0,0,0,0,1,0,0,0,0,0,0,0,0,0,0,0,0,0,0,0,0,0
Richard Jewell,2019,68,0,0,0,0,0,0,0,0,0,0,0,0,0,0,0,0,0,0,0,0,0,0,1,0,1,0,0,0,0,0,0,0,0,0,0,0,0,0,0,0,0,0,0,0,0,0,0
Waves,2019,80,0,0,0,0,0,0,1,0,7,0,0,0,0,0,0,0,0,0,0,0,0,0,1,0,0,0,0,0,0,0,0,0,0,0,0,0,0,0,0,0,0,0,0,0,0,0,0
The Two Popes,2019,75,0,0,0,0,0,0,0,0,0,0,0,0,0,0,0,0,0,0,0,0,0,0,0,0,0,0,0,1,0,0,0,0,0,5,0,0,0,0,0,0,0,0,0,0,0,0,0
Rocketman,2019,69,0,0,0,0,0,0,0,0,5,0,0,0,0,0,0,0,0,0,0,0,3,0,0,0,0,0,0,0,0,1,0,0,0,4,0,0,0,0,0,0,0,0,0,0,0,0,0
For Sama,2019,89,0,0,0,1,0,0,0,0,0,0,0,0,0,0,0,0,0,0,0,0,0,0,0,0,0,0,0,0,0,0,0,0,0,4,0,0,0,0,0,0,0,0,0,0,0,0,0
The Farewell,2019,89,0,0,0,1,0,0,1,0,6,1,0,0,0,0,0,0,0,0,0,0,4,0,0,0,1,0,0,0,0,0,0,0,0,1,0,0,0,0,0,0,0,0,0,0,0,0,0
Black Panther ,2018,88,1,0,1,0,0,0,1,0,0,0,0,1,1,0,0,1,0,1,0,1,12,0,1,0,1,0,0,1,0,0,0,0,0,1,0,0,0,0,0,0,1,7,0,0,0,0,0
BlackkKlansman,2018,83,0,1,0,0,0,0,1,0,0,0,0,1,0,1,0,1,0,1,0,1,4,0,0,0,1,1,0,1,0,0,0,1,0,5,0,0,0,0,0,0,1,6,1,1,1,1,0
Bohemian Rhapsody,2018,49,0,0,0,0,0,0,0,0,0,0,0,1,0,0,0,0,0,1,0,0,3,0,0,0,0,0,0,1,1,0,0,0,0,7,0,0,0,0,0,0,1,5,0,1,0,1,0
Crazy Rich Asians,2018,74,0,0,0,0,0,0,0,0,0,0,0,1,0,0,0,0,0,1,0,0,4,0,0,0,0,0,0,0,0,1,0,0,0,0,0,0,0,0,0,0,0,0,0,0,0,0,0
A Star is Born,2018,88,1,1,0,0,0,0,1,0,0,0,0,1,0,1,0,1,0,1,0,1,9,0,1,0,1,1,0,1,0,0,0,1,0,7,0,0,0,0,0,0,1,8,0,1,1,0,0
Roma,2018,96,0,1,0,1,0,0,1,0,0,0,0,0,0,1,1,1,0,1,0,1,8,1,1,0,1,1,1,0,0,0,0,1,1,7,1,1,0,0,0,1,1,10,1,1,1,0,0
Green Book,2018,69,0,0,0,0,0,0,1,0,0,0,0,0,0,1,0,1,0,1,1,1,7,0,1,1,1,1,0,0,0,1,1,1,0,4,0,0,0,0,1,0,1,5,0,1,1,1,1
Vice,2018,67,0,1,0,0,0,0,0,0,0,0,0,0,0,1,0,1,0,1,0,1,9,0,0,0,0,1,0,0,0,1,0,0,0,6,0,0,0,0,0,0,1,8,1,1,1,1,0
Eighth Grade,2018,85,0,0,0,0,1,0,1,0,0,0,0,0,0,0,0,1,1,0,0,0,3,0,1,0,1,0,0,0,0,0,0,0,0,0,0,0,0,0,0,0,0,0,0,0,0,0,0
A Quiet Place,2018,82,0,0,0,0,0,0,1,0,0,0,0,0,0,0,0,1,0,1,0,0,3,0,1,0,1,0,0,0,0,0,0,0,0,1,0,0,0,0,0,0,0,0,0,0,0,0,0
Can You Ever Forgive Me?,2018,87,0,0,0,0,0,0,0,0,0,0,0,0,0,0,0,1,1,0,0,0,3,0,1,0,0,0,0,0,0,0,0,0,0,3,0,0,0,0,0,0,0,0,0,0,0,0,0
If Beale Street Could Talk,2018,87,0,1,1,0,1,1,0,0,0,0,0,0,0,0,0,1,0,0,0,1,5,0,1,0,1,0,0,1,0,0,0,0,0,2,0,0,0,0,0,0,0,0,0,0,0,0,0
The Favourite,2018,91,0,1,0,0,0,0,1,0,0,0,0,0,0,0,0,0,0,1,0,1,14,0,0,0,1,0,0,0,0,1,0,1,0,12,0,0,0,0,0,0,1,10,1,1,1,1,0
First Man,2018,84,0,1,0,0,0,0,0,0,0,0,0,0,0,0,0,0,0,0,0,1,10,0,0,0,0,0,0,0,0,0,0,0,0,7,0,0,0,0,0,0,0,0,0,0,0,0,0
Mary Poppins Returns,2018,66,1,0,0,0,0,0,0,0,0,0,0,0,0,0,0,0,0,0,0,1,9,0,1,0,1,0,0,0,0,1,0,0,0,3,0,0,0,0,0,0,0,0,0,0,0,0,0
The Ballad of Buster Scruggs,2018,79,0,0,0,0,0,0,0,0,0,0,0,0,0,0,0,0,0,0,0,0,0,0,1,0,0,0,0,0,0,0,0,0,0,1,0,0,0,0,0,0,0,0,0,0,0,0,0
The Hate U Give,2018,81,0,0,1,0,0,0,1,1,0,0,0,0,0,0,0,0,0,0,0,0,1,0,0,0,0,0,0,0,0,0,0,0,0,0,0,0,0,0,0,0,0,0,0,0,0,0,0
First Reformed,2018,86,0,1,0,0,1,0,0,0,0,0,0,0,0,0,0,0,0,0,0,0,2,0,1,0,1,0,0,0,0,0,0,0,0,0,0,0,0,0,0,0,0,0,0,0,0,0,0
Cold War,2018,90,0,0,0,1,0,0,0,0,0,0,0,0,0,0,0,0,0,0,0,0,0,0,1,0,0,0,0,0,0,0,0,0,0,4,0,0,0,0,0,0,0,0,1,0,0,0,0
Mary Queen of Scots,2018,60,0,0,0,0,0,0,0,0,0,0,0,0,0,0,0,0,0,0,0,0,0,0,0,0,0,0,0,0,0,0,0,0,0,3,0,0,0,0,0,0,0,0,0,0,0,0,0
Stan and Ollie,2018,75,0,0,0,0,0,0,0,0,0,0,0,0,0,0,0,0,0,0,0,0,0,0,0,0,0,0,0,0,0,0,0,0,0,3,0,0,0,0,0,0,0,0,0,0,0,0,0
Isle of Dogs,2018,82,0,1,0,0,0,0,0,0,0,0,0,0,0,0,0,0,0,0,0,0,2,0,0,0,0,0,0,0,0,0,0,0,0,2,0,0,0,0,0,0,0,0,0,0,0,0,0
The Rider,2018,85,0,0,0,0,1,0,0,0,0,0,0,0,0,0,0,0,0,0,0,0,0,0,0,0,0,0,0,0,0,0,0,0,0,0,0,0,1,0,0,0,0,0,0,0,0,0,0
Shoplifters,2018,93,0,1,0,1,0,0,0,0,0,0,0,0,0,0,0,0,0,0,0,0,0,0,0,0,0,0,0,0,0,0,0,0,0,0,0,0,0,1,0,0,0,0,0,0,0,0,0
